<?xml version="1.0" encoding="UTF-8"?>
<project-private xmlns="http://www.netbeans.org/ns/project-private/1">
    <editor-bookmarks xmlns="http://www.netbeans.org/ns/editor-bookmarks/2" lastBookmarkId="0"/>
    <open-files xmlns="http://www.netbeans.org/ns/projectui-open-files/2">
        <group>
            <file>file:/var/www/html/anurag/Assignment_4/jquery/sz.js</file>
            <file>file:/var/www/html/anurag/Assignment_4/jquery/aaa.js</file>
            <file>file:/var/www/html/anurag/Assignment_4/checking.php</file>
            <file>file:/var/www/html/anurag/Assignment_4/jquery/jq.js</file>
            <file>file:/var/www/html/anurag/Assignment_4/index.php</file>
        </group>
    </open-files>
</project-private>
